INSERT INTO CUSTOMER VALUES (112233, 'A245', 'VEZENKOV', 'ALEKSANDROS', TO_DATE('3/1/2023','DD/MM/YYYY'));
INSERT INTO CUSTOMER VALUES (732422, 'A892', 'PAPAS', 'JORGE', TO_DATE('4/4/2023','DD/MM/YYYY'));
INSERT INTO CUSTOMER VALUES (910102, 'B021', 'LARETZAKIS', 'KOSTAS', TO_DATE('24/5/2023','DD/MM/YYYY'));
INSERT INTO CUSTOMER VALUES (003432, 'C199', 'PAPANIKOLAOU', 'KOSTAS', TO_DATE('3/2/2023','DD/MM/YYYY'));
INSERT INTO CUSTOMER VALUES (821092, 'C082', 'GEORGIOU', 'ELENI', TO_DATE('8/3/2023','DD/MM/YYYY'));

INSERT INTO BIKECAT VALUES ('MOUNTAIN',100.00,1);
INSERT INTO BIKECAT VALUES ('ROAD',30.00,1);
INSERT INTO BIKECAT VALUES ('CITY',5.00,1);
INSERT INTO BIKECAT VALUES ('KID',150.00,0);

INSERT INTO BICYCLE VALUES ('GR2211','BLUE',13000,30,700.00,4,'KID');
INSERT INTO BICYCLE VALUES ('BG3201','RED',14000,24,1000.00,1,'ROAD');
INSERT INTO BICYCLE VALUES ('RO3981','YELLOW',20000,27,890.00,1,'MOUNTAIN');
INSERT INTO BICYCLE VALUES ('US5498','GREEN',23000,20,200.00,5,'ROAD');
INSERT INTO BICYCLE VALUES ('BG3241','WHITE',11000,28,575.00,2,'CITY');

INSERT INTO ACCESSORY VALUES ('SADDLE COVER',2.00);
INSERT INTO ACCESSORY VALUES ('BACKPACK',3.00);
INSERT INTO ACCESSORY VALUES ('TRUNK RACK',0.00);
INSERT INTO ACCESSORY VALUES ('BICYCLE COUNTER',5.00);

INSERT INTO PHONE VALUES(112233,6949394503);
INSERT INTO PHONE VALUES(732422,6943686655);
INSERT INTO PHONE VALUES(910102,6919406739);
INSERT INTO PHONE VALUES(003432,6910394576);
INSERT INTO PHONE VALUES(821092,6904857938);

INSERT INTO BOOKING VALUES (112233,'BG3241',TO_DATE('12/02/2023','DD/MM/YYYY') , TO_DATE('13/02/2023','DD/MM/YYYY') );

INSERT INTO BOOKING VALUES (112233,'US5498',TO_DATE('03/05/2023','DD/MM/YYYY') , TO_DATE('04/05/2023','DD/MM/YYYY') );

INSERT INTO BOOKING VALUES (732422,'US5498',TO_DATE('02/01/2023','DD/MM/YYYY') , TO_DATE('08/01/2023','DD/MM/YYYY') );

INSERT INTO BOOKING VALUES (732422,'BG3241',TO_DATE('12/09/2023','DD/MM/YYYY') , TO_DATE('14/09/2023','DD/MM/YYYY') );

INSERT INTO BOOKING VALUES (910102,'RO3981',TO_DATE('02/03/2023','DD/MM/YYYY') , NULL );

INSERT INTO BOOKING VALUES (910102,'RO3981',TO_DATE('16/11/2023','DD/MM/YYYY') , TO_DATE('17/11/2023','DD/MM/YYYY') );

INSERT INTO BOOKING  VALUES (003432,'BG3201',TO_DATE('04/04/2023','DD/MM/YYYY') , TO_DATE('10/04/2023','DD/MM/YYYY') );


INSERT INTO BOOKING VALUES (003432,'BG3201',TO_DATE('21/02/2023','DD/MM/YYYY') , TO_DATE('27/02/2023','DD/MM/YYYY') );

INSERT INTO BOOKING VALUES (821092,'GR2211',TO_DATE('06/06/2023','DD/MM/YYYY') , TO_DATE('12/06/2023','DD/MM/YYYY') );

INSERT INTO BOOKING VALUES (821092,'GR2211',TO_DATE('03/03/2023','DD/MM/YYYY') , NULL );

INSERT INTO BICYCLE_ACCESSORIES VALUES ('GR2211','TRUNK RACK');
INSERT INTO BICYCLE_ACCESSORIES VALUES ('BG3201','BACKPACK');
INSERT INTO BICYCLE_ACCESSORIES VALUES ('RO3981','SADDLE COVER');
INSERT INTO BICYCLE_ACCESSORIES VALUES ('US5498','BICYCLE COUNTER');
INSERT INTO BICYCLE_ACCESSORIES VALUES ('BG3241','SADDLE COVER');